{"version":"0.4","title":"Button Interactive","type":"page","content":[{"id":"cbkfgfd","elType":"section","settings":{"gap":"wide","structure":"20","background_background":"classic","background_color":"#fff430","background_color_b":"#ffbd30","background_gradient_angle":{"unit":"deg","size":140},"background_gradient_position":"bottom right","background_overlay_background":"gradient","border_border":"solid","border_width":{"unit":"px","top":"0","right":"0","bottom":"40","left":"0","isLinked":false},"border_color":"#f9f9f9","border_radius":{"unit":"px","top":"0","right":"0","bottom":"200","left":"0","isLinked":false},"shape_divider_bottom_width":{"unit":"%","size":100},"shape_divider_bottom_height":{"unit":"px","size":143},"padding":{"unit":"px","top":"50","right":"0","bottom":"0","left":"0","isLinked":false},"padding_mobile":{"unit":"px","top":"0","right":"0","bottom":"0","left":"0","isLinked":false},"reverse_order_mobile":"reverse-mobile"},"elements":[{"id":"aopysrk","elType":"column","settings":{"_column_size":50,"_inline_size":null},"elements":[{"id":"sflpxnt","elType":"widget","settings":{"image":{"url":"https:\/\/www.cssigniter.com\/elementor\/wp-content\/uploads\/2017\/07\/button_logo.png","id":2245},"align":"left"},"elements":[],"widgetType":"image"},{"id":"jreklpo","elType":"widget","settings":{"space":{"unit":"px","size":100},"space_mobile":{"unit":"px","size":50}},"elements":[],"widgetType":"spacer"},{"id":"kflmbvk","elType":"widget","settings":{"title":"We are Button Interactive.","header_size":"h1","title_color":"#282828","typography_typography":"custom","typography_font_size":{"unit":"px","size":50},"typography_font_family":"PT Serif Caption","typography_font_weight":"bold"},"elements":[],"widgetType":"heading"},{"id":"cfptqvw","elType":"widget","settings":{"editor":"<p>Button Interactive is an independent specialty branding and full service graphic design studio. Driven by passion and conviction, we offer brand strategy, consulting, and comprehensive design solutions. We work on projects locally and globally with startups to large scale agencies.<\/p>","text_color":"#282828","typography_typography":"custom","typography_font_size":{"unit":"px","size":18},"typography_font_family":"PT Serif","typography_font_weight":"normal","typography_line_height":{"unit":"em","size":1.4}},"elements":[],"widgetType":"text-editor"},{"id":"tboxuer","elType":"widget","settings":{"space":{"unit":"px","size":5}},"elements":[],"widgetType":"spacer"},{"id":"rsqapnz","elType":"widget","settings":{"space":{"unit":"px","size":100},"space_mobile":{"unit":"px","size":50}},"elements":[],"widgetType":"spacer"}],"isInner":false},{"id":"norraoa","elType":"column","settings":{"_column_size":50,"_inline_size":null,"padding":{"unit":"px","top":"35","right":"20","bottom":"0","left":"0","isLinked":false}},"elements":[{"id":"pwxvlbj","elType":"widget","settings":{"text":"Let's talk","link":{"url":"#contact","is_external":"","nofollow":""},"align":"right","align_mobile":"left","typography_typography":"custom","typography_font_size":{"unit":"px","size":16},"typography_font_family":"PT Serif Caption","button_text_color":"#282828","background_color":"rgba(0,0,0,0)","border_border":"solid","border_width":{"unit":"px","top":"0","right":"0","bottom":"3","left":"0","isLinked":false},"border_radius":{"unit":"px","top":"0","right":"0","bottom":"0","left":"0","isLinked":true},"text_padding":{"unit":"px","top":"0","right":"0","bottom":"0","left":"0","isLinked":true},"_padding_mobile":{"unit":"px","top":"20","right":"20","bottom":"20","left":"20","isLinked":true}},"elements":[],"widgetType":"button"}],"isInner":false}],"isInner":false},{"id":"jcxannd","elType":"section","settings":[],"elements":[{"id":"hsaorgc","elType":"column","settings":{"_column_size":100,"_inline_size":null},"elements":[{"id":"ekrqsip","elType":"widget","settings":{"space":{"unit":"px","size":120},"space_mobile":{"unit":"px","size":50}},"elements":[],"widgetType":"spacer"}],"isInner":false}],"isInner":false},{"id":"qmdgfxy","elType":"section","settings":{"gap":"wide","structure":"30","background_background":"classic","background_color_b":"#f4f4f4","background_overlay_background":"gradient"},"elements":[{"id":"ixaxonn","elType":"column","settings":{"_column_size":33,"_inline_size":null,"background_hover_background":"classic","background_hover_color":"#ffe900","border_radius":{"unit":"px","top":"0","right":"0","bottom":"20","left":"0","isLinked":false},"padding":{"unit":"px","top":"20","right":"0","bottom":"20","left":"20","isLinked":false},"padding_mobile":{"unit":"px","top":"20","right":"20","bottom":"20","left":"20","isLinked":true}},"elements":[{"id":"tvyvjtn","elType":"widget","settings":{"image":{"url":"https:\/\/www.cssigniter.com\/elementor\/wp-content\/uploads\/2017\/07\/goldenratiogrid-freebiebymienai.gif","id":2250},"image_size":"full","link_to":"custom","link":{"url":"https:\/\/dribbble.com\/shots\/3572688-Golden-Ratio-Grid-Freebie-by-Bont","is_external":"on","nofollow":""}},"elements":[],"widgetType":"image"},{"id":"kpscddw","elType":"widget","settings":{"text":"View on Dribbble","icon":"fa fa-dribbble","typography_typography":"custom","typography_font_size":{"unit":"px","size":14},"typography_font_family":"PT Serif","typography_font_weight":"normal","button_text_color":"#ffffff","background_color":"#2b2b2b","hover_color":"#ffffff","button_background_hover_color":"#000000","border_radius":{"unit":"px","top":"0","right":"0","bottom":"0","left":"0","isLinked":true},"link":{"url":"https:\/\/dribbble.com\/shots\/3572688-Golden-Ratio-Grid-Freebie-by-Bont","is_external":"on","nofollow":""}},"elements":[],"widgetType":"button"}],"isInner":false},{"id":"alqnlbo","elType":"column","settings":{"_column_size":33,"_inline_size":null,"background_hover_background":"classic","background_hover_color":"#ffe900","border_radius":{"unit":"px","top":"0","right":"0","bottom":"20","left":"0","isLinked":false},"padding":{"unit":"px","top":"20","right":"0","bottom":"20","left":"20","isLinked":false},"padding_mobile":{"unit":"px","top":"20","right":"20","bottom":"20","left":"20","isLinked":true}},"elements":[{"id":"kgitkqh","elType":"widget","settings":{"image":{"url":"https:\/\/www.cssigniter.com\/elementor\/wp-content\/uploads\/2017\/07\/dribbble.jpg","id":2258},"image_size":"full","link_to":"custom","link":{"url":"https:\/\/dribbble.com\/shots\/3549388-Breakable-Free-Typeface","is_external":"on","nofollow":""}},"elements":[],"widgetType":"image"},{"id":"nonqdif","elType":"widget","settings":{"text":"View on Dribbble","icon":"fa fa-dribbble","typography_typography":"custom","typography_font_size":{"unit":"px","size":14},"typography_font_family":"PT Serif","typography_font_weight":"normal","button_text_color":"#ffffff","background_color":"#2b2b2b","hover_color":"#ffffff","button_background_hover_color":"#000000","border_radius":{"unit":"px","top":"0","right":"0","bottom":"0","left":"0","isLinked":true},"link":{"url":"https:\/\/dribbble.com\/shots\/3549388-Breakable-Free-Typeface","is_external":"on","nofollow":""}},"elements":[],"widgetType":"button"}],"isInner":false},{"id":"rkyljec","elType":"column","settings":{"_column_size":33,"_inline_size":null,"background_hover_background":"classic","background_hover_color":"#ffe900","border_radius":{"unit":"px","top":"0","right":"0","bottom":"20","left":"0","isLinked":false},"padding":{"unit":"px","top":"20","right":"0","bottom":"20","left":"20","isLinked":false},"padding_mobile":{"unit":"px","top":"20","right":"20","bottom":"20","left":"20","isLinked":true}},"elements":[{"id":"cceblyw","elType":"widget","settings":{"image":{"url":"https:\/\/www.cssigniter.com\/elementor\/wp-content\/uploads\/2017\/07\/dribbble-1.png","id":2259},"image_size":"full","link_to":"custom","link":{"url":"https:\/\/dribbble.com\/shots\/3604991-Agata-Biele-Upcoming-Freebie-1","is_external":"on","nofollow":""}},"elements":[],"widgetType":"image"},{"id":"imoskqi","elType":"widget","settings":{"text":"View on Dribbble","icon":"fa fa-dribbble","typography_typography":"custom","typography_font_size":{"unit":"px","size":14},"typography_font_family":"PT Serif","typography_font_weight":"normal","button_text_color":"#ffffff","background_color":"#2b2b2b","hover_color":"#ffffff","button_background_hover_color":"#000000","border_radius":{"unit":"px","top":"0","right":"0","bottom":"0","left":"0","isLinked":true},"link":{"url":"https:\/\/dribbble.com\/shots\/3604991-Agata-Biele-Upcoming-Freebie-1","is_external":"on","nofollow":""}},"elements":[],"widgetType":"button"}],"isInner":false}],"isInner":false},{"id":"ymvrqns","elType":"section","settings":{"gap":"wide","structure":"30","background_background":"classic","background_color_b":"#f4f4f4","background_overlay_background":"gradient"},"elements":[{"id":"bbyngso","elType":"column","settings":{"_column_size":33,"_inline_size":null,"background_hover_background":"classic","background_hover_color":"#ffe900","border_radius":{"unit":"px","top":"0","right":"0","bottom":"20","left":"0","isLinked":false},"padding":{"unit":"px","top":"20","right":"0","bottom":"20","left":"20","isLinked":false},"padding_mobile":{"unit":"px","top":"20","right":"20","bottom":"20","left":"20","isLinked":true}},"elements":[{"id":"hsxircj","elType":"widget","settings":{"image":{"url":"https:\/\/www.cssigniter.com\/elementor\/wp-content\/uploads\/2017\/07\/articles-grid.jpg","id":2267},"image_size":"full","link_to":"custom","link":{"url":"https:\/\/dribbble.com\/shots\/3550585-Articles-Grid-Free-PSD","is_external":"on","nofollow":""}},"elements":[],"widgetType":"image"},{"id":"fzftzlu","elType":"widget","settings":{"text":"View on Dribbble","icon":"fa fa-dribbble","typography_typography":"custom","typography_font_size":{"unit":"px","size":14},"typography_font_family":"PT Serif","typography_font_weight":"normal","button_text_color":"#ffffff","background_color":"#2b2b2b","hover_color":"#ffffff","button_background_hover_color":"#000000","border_radius":{"unit":"px","top":"0","right":"0","bottom":"0","left":"0","isLinked":true},"link":{"url":"https:\/\/dribbble.com\/shots\/3550585-Articles-Grid-Free-PSD","is_external":"on","nofollow":""}},"elements":[],"widgetType":"button"}],"isInner":false},{"id":"visembb","elType":"column","settings":{"_column_size":33,"_inline_size":null,"background_hover_background":"classic","background_hover_color":"#ffe900","border_radius":{"unit":"px","top":"0","right":"0","bottom":"20","left":"0","isLinked":false},"padding":{"unit":"px","top":"20","right":"0","bottom":"20","left":"20","isLinked":false},"padding_mobile":{"unit":"px","top":"20","right":"20","bottom":"20","left":"20","isLinked":true}},"elements":[{"id":"vqkeofm","elType":"widget","settings":{"image":{"url":"https:\/\/www.cssigniter.com\/elementor\/wp-content\/uploads\/2017\/07\/fitness_calendar_sketch_dribble_800x600.png","id":2268},"image_size":"full","link_to":"custom","link":{"url":"https:\/\/dribbble.com\/shots\/3544186-Fitness-Calendar-Sketch-Template-Freebie","is_external":"on","nofollow":""}},"elements":[],"widgetType":"image"},{"id":"zxwrzxk","elType":"widget","settings":{"text":"View on Dribbble","icon":"fa fa-dribbble","typography_typography":"custom","typography_font_size":{"unit":"px","size":14},"typography_font_family":"PT Serif","typography_font_weight":"normal","button_text_color":"#ffffff","background_color":"#2b2b2b","hover_color":"#ffffff","button_background_hover_color":"#000000","border_radius":{"unit":"px","top":"0","right":"0","bottom":"0","left":"0","isLinked":true},"link":{"url":"https:\/\/dribbble.com\/shots\/3544186-Fitness-Calendar-Sketch-Template-Freebie","is_external":"on","nofollow":""}},"elements":[],"widgetType":"button"}],"isInner":false},{"id":"fanqvgs","elType":"column","settings":{"_column_size":33,"_inline_size":null,"background_hover_background":"classic","background_hover_color":"#ffe900","border_radius":{"unit":"px","top":"0","right":"0","bottom":"20","left":"0","isLinked":false},"padding":{"unit":"px","top":"20","right":"0","bottom":"20","left":"20","isLinked":false},"padding_mobile":{"unit":"px","top":"20","right":"20","bottom":"20","left":"20","isLinked":true}},"elements":[{"id":"yhdgyew","elType":"widget","settings":{"image":{"url":"https:\/\/www.cssigniter.com\/elementor\/wp-content\/uploads\/2017\/07\/dribbble_top_secret.jpg","id":2338},"image_size":"full","link_to":"custom","link":{"url":"https:\/\/dribbble.com\/shots\/3532454-FREE-Mock-up-Top-Secret","is_external":"on","nofollow":""}},"elements":[],"widgetType":"image"},{"id":"ilauqxi","elType":"widget","settings":{"text":"View on Dribbble","icon":"fa fa-dribbble","typography_typography":"custom","typography_font_size":{"unit":"px","size":14},"typography_font_family":"PT Serif","typography_font_weight":"normal","button_text_color":"#ffffff","background_color":"#2b2b2b","hover_color":"#ffffff","button_background_hover_color":"#000000","border_radius":{"unit":"px","top":"0","right":"0","bottom":"0","left":"0","isLinked":true},"link":{"url":"https:\/\/dribbble.com\/shots\/3532454-FREE-Mock-up-Top-Secret","is_external":"on","nofollow":""}},"elements":[],"widgetType":"button"}],"isInner":false}],"isInner":false},{"id":"aoukncg","elType":"section","settings":[],"elements":[{"id":"heromxx","elType":"column","settings":{"_column_size":100,"_inline_size":null},"elements":[{"id":"nxmpbva","elType":"widget","settings":{"space":{"unit":"px","size":120},"space_mobile":{"unit":"px","size":50}},"elements":[],"widgetType":"spacer"}],"isInner":false}],"isInner":false},{"id":"rfqwfbx","elType":"section","settings":{"gap":"no","content_position":"top"},"elements":[{"id":"vrkqsdz","elType":"column","settings":{"_column_size":100,"_inline_size":null},"elements":[{"id":"lbqwasi","elType":"section","settings":{"gap":"wide","structure":"20"},"elements":[{"id":"nlnardy","elType":"column","settings":{"_column_size":50,"_inline_size":null},"elements":[{"id":"dretrjr","elType":"widget","settings":{"title":"The Studio","header_size":"h3","title_color":"#282828","typography_typography":"custom","typography_font_size":{"unit":"px","size":26},"typography_font_family":"PT Serif Caption","typography_font_weight":"bold","_margin":{"unit":"px","top":"20","right":"0","bottom":"0","left":"0","isLinked":false}},"elements":[],"widgetType":"heading"}],"isInner":true},{"id":"vaezgsz","elType":"column","settings":{"_column_size":50,"_inline_size":null},"elements":[{"id":"bfgihpn","elType":"widget","settings":{"editor":"<p>Button Interactive is an independent specialty branding and full service graphic design studio. Driven by passion and conviction, we offer brand strategy, consulting, and comprehensive design solutions. We work on projects locally and globally with startups to large scale agencies.<\/p>","text_color":"#282828","typography_typography":"custom","typography_font_size":{"unit":"px","size":18},"typography_font_family":"PT Serif","typography_font_weight":"normal","typography_line_height":{"unit":"em","size":1.4},"_padding":{"unit":"px","top":"0","right":"0","bottom":"0","left":"0","isLinked":true}},"elements":[],"widgetType":"text-editor"}],"isInner":true}],"isInner":true},{"id":"wchrvhg","elType":"section","settings":{"gap":"wide"},"elements":[{"id":"uecqxrc","elType":"column","settings":{"_column_size":100,"_inline_size":null},"elements":[{"id":"yzoyrgh","elType":"widget","settings":{"image":{"url":"https:\/\/www.cssigniter.com\/elementor\/wp-content\/uploads\/2017\/07\/button_office.jpg","id":2306},"image_size":"full"},"elements":[],"widgetType":"image"}],"isInner":true}],"isInner":true}],"isInner":false}],"isInner":false},{"id":"sbjwqsf","elType":"section","settings":[],"elements":[{"id":"qcjonuh","elType":"column","settings":{"_column_size":100,"_inline_size":null},"elements":[{"id":"gwdjayq","elType":"widget","settings":{"space":{"unit":"px","size":120},"space_mobile":{"unit":"px","size":50}},"elements":[],"widgetType":"spacer"}],"isInner":false}],"isInner":false},{"id":"frldigj","elType":"section","settings":{"gap":"wide","content_position":"top","structure":"30"},"elements":[{"id":"gflfcco","elType":"column","settings":{"_column_size":33,"_inline_size":null},"elements":[{"id":"nwpvwhk","elType":"widget","settings":{"title":"The Team","header_size":"h3","title_color":"#282828","typography_typography":"custom","typography_font_size":{"unit":"px","size":26},"typography_font_family":"PT Serif Caption","typography_font_weight":"bold","_margin":{"unit":"px","top":"0","right":"0","bottom":"0","left":"0","isLinked":false}},"elements":[],"widgetType":"heading"}],"isInner":false},{"id":"giwgmfa","elType":"column","settings":{"_column_size":33,"_inline_size":null},"elements":[{"id":"ovexwxd","elType":"widget","settings":{"image":{"url":"https:\/\/www.cssigniter.com\/elementor\/wp-content\/uploads\/2017\/06\/speaker04.jpg","id":364}},"elements":[],"widgetType":"image"},{"id":"sqetoqi","elType":"widget","settings":{"title":"James Bunt","header_size":"h4","title_color":"#282828","typography_typography":"custom","typography_font_size":{"unit":"px","size":20},"typography_font_family":"PT Serif Caption","typography_font_weight":"bold","_margin":{"unit":"px","top":"0","right":"0","bottom":"-15","left":"0","isLinked":false}},"elements":[],"widgetType":"heading"},{"id":"mlibitd","elType":"widget","settings":{"title":"Photographer","header_size":"p","title_color":"#282828","typography_typography":"custom","typography_font_size":{"unit":"px","size":16},"typography_font_family":"PT Serif Caption","typography_font_weight":"normal","_margin":{"unit":"px","top":"0","right":"0","bottom":"0","left":"0","isLinked":false}},"elements":[],"widgetType":"heading"}],"isInner":false},{"id":"rgkjxqw","elType":"column","settings":{"_column_size":33,"_inline_size":null},"elements":[{"id":"nttilpx","elType":"widget","settings":{"image":{"url":"https:\/\/www.cssigniter.com\/elementor\/wp-content\/uploads\/2017\/06\/speaker.jpg","id":329}},"elements":[],"widgetType":"image"},{"id":"clzckqy","elType":"widget","settings":{"title":"Elizabeth Norton","header_size":"h4","title_color":"#282828","typography_typography":"custom","typography_font_size":{"unit":"px","size":20},"typography_font_family":"PT Serif Caption","typography_font_weight":"bold","_margin":{"unit":"px","top":"0","right":"0","bottom":"-15","left":"0","isLinked":false}},"elements":[],"widgetType":"heading"},{"id":"ijmfkat","elType":"widget","settings":{"title":"Designer","header_size":"p","title_color":"#282828","typography_typography":"custom","typography_font_size":{"unit":"px","size":16},"typography_font_family":"PT Serif Caption","typography_font_weight":"normal","_margin":{"unit":"px","top":"0","right":"0","bottom":"0","left":"0","isLinked":false}},"elements":[],"widgetType":"heading"}],"isInner":false}],"isInner":false},{"id":"duutlpo","elType":"section","settings":[],"elements":[{"id":"deothkm","elType":"column","settings":{"_column_size":100,"_inline_size":null},"elements":[{"id":"kwpnpbc","elType":"widget","settings":{"space":{"unit":"px","size":120},"space_mobile":{"unit":"px","size":50}},"elements":[],"widgetType":"spacer"}],"isInner":false}],"isInner":false},{"id":"skyqnio","elType":"section","settings":{"gap":"wide","content_position":"top","structure":"30"},"elements":[{"id":"fcmilyj","elType":"column","settings":{"_column_size":33,"_inline_size":null},"elements":[{"id":"nkcawyh","elType":"widget","settings":{"title":"Clients","header_size":"h3","title_color":"#282828","typography_typography":"custom","typography_font_size":{"unit":"px","size":26},"typography_font_family":"PT Serif Caption","typography_font_weight":"bold","_margin":{"unit":"px","top":"0","right":"0","bottom":"0","left":"0","isLinked":false}},"elements":[],"widgetType":"heading"}],"isInner":false},{"id":"cjuyyle","elType":"column","settings":{"_column_size":33,"_inline_size":null},"elements":[{"id":"uupdkil","elType":"widget","settings":{"title":"Web","header_size":"h4","title_color":"#282828","typography_typography":"custom","typography_font_size":{"unit":"px","size":20},"typography_font_family":"PT Serif Caption","typography_font_weight":"bold","_margin":{"unit":"px","top":"0","right":"0","bottom":"0","left":"0","isLinked":false}},"elements":[],"widgetType":"heading"},{"id":"gsckowu","elType":"widget","settings":{"icon_list":[{"text":"Benson","icon":"fa fa-check","_id":"wluaauo","link":{"url":"","is_external":"","nofollow":""}},{"text":"Milos","icon":"fa fa-check","link":{"url":"","is_external":"","nofollow":""},"_id":"oq0sqvn"},{"text":"The Styler","icon":"fa fa-check","link":{"url":"","is_external":"","nofollow":""},"_id":"xtiwnpf"},{"text":"Brittany","icon":"fa fa-check","link":{"url":"","is_external":"","nofollow":""},"_id":"idsba8p"},{"text":"Carbone","icon":"fa fa-check","link":{"url":"","is_external":"","nofollow":""},"_id":"hslgeaa"},{"text":"Specialty","icon":"fa fa-check","link":{"url":"","is_external":"","nofollow":""},"_id":"om1rijh"}],"space_between":{"unit":"px","size":5},"icon_color":"#aaaaaa","icon_size":{"unit":"px","size":10},"text_indent":{"unit":"px","size":10},"text_color":"#282828","icon_typography_typography":"custom","icon_typography_font_size":{"unit":"px","size":16},"icon_typography_font_family":"PT Serif Caption"},"elements":[],"widgetType":"icon-list"},{"id":"hexaaqy","elType":"widget","settings":{"space":{"unit":"px","size":15}},"elements":[],"widgetType":"spacer"},{"id":"ihfaflh","elType":"widget","settings":{"title":"Identity","header_size":"h4","title_color":"#282828","typography_typography":"custom","typography_font_size":{"unit":"px","size":20},"typography_font_family":"PT Serif Caption","typography_font_weight":"bold","_margin":{"unit":"px","top":"0","right":"0","bottom":"0","left":"0","isLinked":false}},"elements":[],"widgetType":"heading"},{"id":"jeddsmj","elType":"widget","settings":{"icon_list":[{"text":"Koehn","icon":"fa fa-check","_id":"wluaauo","link":{"url":"","is_external":"","nofollow":""}},{"text":"Neto","icon":"fa fa-check","link":{"url":"","is_external":"","nofollow":""},"_id":"oq0sqvn"},{"text":"PinMaister","icon":"fa fa-check","link":{"url":"","is_external":"","nofollow":""},"_id":"xtiwnpf"},{"text":"Brittany","icon":"fa fa-check","link":{"url":"","is_external":"","nofollow":""},"_id":"idsba8p"},{"text":"Palermo","icon":"fa fa-check","link":{"url":"","is_external":"","nofollow":""},"_id":"hslgeaa"}],"space_between":{"unit":"px","size":5},"icon_color":"#aaaaaa","icon_size":{"unit":"px","size":10},"text_indent":{"unit":"px","size":10},"text_color":"#282828","icon_typography_typography":"custom","icon_typography_font_size":{"unit":"px","size":16},"icon_typography_font_family":"PT Serif Caption"},"elements":[],"widgetType":"icon-list"}],"isInner":false},{"id":"yllmhif","elType":"column","settings":{"_column_size":33,"_inline_size":null},"elements":[{"id":"eymjhvg","elType":"widget","settings":{"title":"Mobile Development","header_size":"h4","title_color":"#282828","typography_typography":"custom","typography_font_size":{"unit":"px","size":20},"typography_font_family":"PT Serif Caption","typography_font_weight":"bold","_margin":{"unit":"px","top":"0","right":"0","bottom":"0","left":"0","isLinked":false}},"elements":[],"widgetType":"heading"},{"id":"dzxxgwc","elType":"widget","settings":{"icon_list":[{"text":"Oxium","icon":"fa fa-check","_id":"wluaauo","link":{"url":"","is_external":"","nofollow":""}},{"text":"Potenza","icon":"fa fa-check","link":{"url":"","is_external":"","nofollow":""},"_id":"oq0sqvn"},{"text":"Suisen","icon":"fa fa-check","link":{"url":"","is_external":"","nofollow":""},"_id":"xtiwnpf"},{"text":"Struct","icon":"fa fa-check","link":{"url":"","is_external":"","nofollow":""},"_id":"idsba8p"},{"text":"Technico","icon":"fa fa-check","link":{"url":"","is_external":"","nofollow":""},"_id":"hslgeaa"}],"space_between":{"unit":"px","size":5},"icon_color":"#aaaaaa","icon_size":{"unit":"px","size":10},"text_indent":{"unit":"px","size":10},"text_color":"#282828","icon_typography_typography":"custom","icon_typography_font_size":{"unit":"px","size":16},"icon_typography_font_family":"PT Serif Caption"},"elements":[],"widgetType":"icon-list"},{"id":"lyaqnmv","elType":"widget","settings":{"space":{"unit":"px","size":15}},"elements":[],"widgetType":"spacer"},{"id":"mkrjeyb","elType":"widget","settings":{"title":"Photography","header_size":"h4","title_color":"#282828","typography_typography":"custom","typography_font_size":{"unit":"px","size":20},"typography_font_family":"PT Serif Caption","typography_font_weight":"bold","_margin":{"unit":"px","top":"0","right":"0","bottom":"0","left":"0","isLinked":false}},"elements":[],"widgetType":"heading"},{"id":"ebzbfyk","elType":"widget","settings":{"icon_list":[{"text":"Struct","icon":"fa fa-check","link":{"url":"","is_external":"","nofollow":""},"_id":"yyguoeu"},{"text":"Technico","icon":"fa fa-check","link":{"url":"","is_external":"","nofollow":""},"_id":"66yrmam"},{"text":"Oxium","icon":"fa fa-check","_id":"wluaauo","link":{"url":"","is_external":"","nofollow":""}},{"text":"Potenza","icon":"fa fa-check","link":{"url":"","is_external":"","nofollow":""},"_id":"oq0sqvn"}],"space_between":{"unit":"px","size":5},"icon_color":"#aaaaaa","icon_size":{"unit":"px","size":10},"text_indent":{"unit":"px","size":10},"text_color":"#282828","icon_typography_typography":"custom","icon_typography_font_size":{"unit":"px","size":16},"icon_typography_font_family":"PT Serif Caption"},"elements":[],"widgetType":"icon-list"}],"isInner":false}],"isInner":false},{"id":"srxbgkn","elType":"section","settings":[],"elements":[{"id":"jlrnjcf","elType":"column","settings":{"_column_size":100,"_inline_size":null},"elements":[{"id":"sdjatmd","elType":"widget","settings":{"space":{"unit":"px","size":120},"space_mobile":{"unit":"px","size":50}},"elements":[],"widgetType":"spacer"}],"isInner":false}],"isInner":false},{"id":"owbbjes","elType":"section","settings":{"gap":"wide","structure":"20","background_background":"classic","background_color":"#fff430","background_color_b":"#ffbd30","background_gradient_angle":{"unit":"deg","size":140},"background_gradient_position":"bottom right","background_overlay_background":"gradient","border_border":"solid","border_width":{"unit":"px","top":"40","right":"0","bottom":"0","left":"0","isLinked":false},"border_color":"#f9f9f9","border_radius":{"unit":"px","top":"0","right":"200","bottom":"0","left":"0","isLinked":false},"shape_divider_bottom_width":{"unit":"%","size":100},"shape_divider_bottom_height":{"unit":"px","size":143},"padding":{"unit":"px","top":"0","right":"0","bottom":"0","left":"0","isLinked":false}},"elements":[{"id":"hoejdav","elType":"column","settings":{"_column_size":50,"_inline_size":null},"elements":[{"id":"aifnrsz","elType":"widget","settings":{"space":{"unit":"px","size":100},"space_mobile":{"unit":"px","size":50}},"elements":[],"widgetType":"spacer"},{"id":"gzhweop","elType":"widget","settings":{"anchor":"contact"},"elements":[],"widgetType":"menu-anchor"},{"id":"ztwkvri","elType":"widget","settings":{"title":"Let's talk.","header_size":"h1","title_color":"#282828","typography_typography":"custom","typography_font_size":{"unit":"px","size":40},"typography_font_family":"PT Serif Caption","typography_font_weight":"bold"},"elements":[],"widgetType":"heading"},{"id":"ypiuxzy","elType":"widget","settings":{"icon_list":[{"text":"+44 1234 56789","icon":"fa fa-phone","_id":"wluaauo","link":{"url":"","is_external":"","nofollow":""}},{"text":"button@cssigniter.com","icon":"fa fa-envelope-o","link":{"url":"","is_external":"","nofollow":""},"_id":"oq0sqvn"},{"text":"St Johns Wood, London, NW7 9AG","icon":"fa fa-map-marker","link":{"url":"","is_external":"","nofollow":""},"_id":"xtiwnpf"}],"space_between":{"unit":"px","size":5},"icon_color":"#282828","icon_size":{"unit":"px","size":12},"text_indent":{"unit":"px","size":10},"text_color":"#282828","icon_typography_typography":"custom","icon_typography_font_size":{"unit":"px","size":16},"icon_typography_font_family":"PT Serif Caption"},"elements":[],"widgetType":"icon-list"},{"id":"kshucaz","elType":"widget","settings":{"social_icon_list":[{"social":"fa fa-facebook","_id":"1xk9c55","link":{"url":"","is_external":"true","nofollow":""}},{"social":"fa fa-twitter","_id":"st6k4sj","link":{"url":"","is_external":"true","nofollow":""}},{"social":"fa fa-dribbble","_id":"gy1dldz","link":{"url":"","is_external":"true","nofollow":""}},{"social":"fa fa-wordpress","link":{"is_external":"true"},"_id":"vw9g5le"},{"social":"fa fa-behance","link":{"is_external":"true"},"_id":"2m99uou"}],"shape":"circle","align":"left","icon_color":"custom","icon_primary_color":"rgba(0,0,0,0)","icon_secondary_color":"#282828","icon_size":{"unit":"px","size":17},"icon_padding":{"unit":"em","size":0.7},"image_border_border":"solid","image_border_width":{"unit":"px","top":"2","right":"2","bottom":"2","left":"2","isLinked":true},"image_border_color":"#282828","hover_primary_color":"#282828","hover_secondary_color":"#fff430"},"elements":[],"widgetType":"social-icons"},{"id":"ghnbpva","elType":"widget","settings":{"space":{"unit":"px","size":5}},"elements":[],"widgetType":"spacer"},{"id":"hrwdsld","elType":"widget","settings":{"space":{"unit":"px","size":100},"space_mobile":{"unit":"px","size":50}},"elements":[],"widgetType":"spacer"}],"isInner":false},{"id":"qqmgdfg","elType":"column","settings":{"_column_size":50,"_inline_size":null},"elements":[],"isInner":false}],"isInner":false}],"data":[{"id":"cbkfgfd","settings":{"gap":"wide","structure":"20","background_background":"classic","background_color":"#fff430","background_color_b":"#ffbd30","background_gradient_angle":{"unit":"deg","size":140},"background_gradient_position":"bottom right","background_overlay_background":"gradient","border_border":"solid","border_width":{"unit":"px","top":"0","right":"0","bottom":"40","left":"0","isLinked":false},"border_color":"#f9f9f9","border_radius":{"unit":"px","top":"0","right":"0","bottom":"200","left":"0","isLinked":false},"shape_divider_bottom_width":{"unit":"%","size":100},"shape_divider_bottom_height":{"unit":"px","size":143},"padding":{"unit":"px","top":"50","right":"0","bottom":"0","left":"0","isLinked":false},"padding_mobile":{"unit":"px","top":"0","right":"0","bottom":"0","left":"0","isLinked":false},"reverse_order_mobile":"reverse-mobile"},"elements":[{"id":"aopysrk","settings":{"_column_size":50,"_inline_size":null},"elements":[{"id":"sflpxnt","settings":{"image":{"url":"https:\/\/www.cssigniter.com\/elementor\/wp-content\/uploads\/2017\/07\/button_logo.png","id":2245},"align":"left"},"elements":[],"isInner":false,"widgetType":"image","elType":"widget"},{"id":"jreklpo","settings":{"space":{"unit":"px","size":100},"space_mobile":{"unit":"px","size":50}},"elements":[],"isInner":false,"widgetType":"spacer","elType":"widget"},{"id":"kflmbvk","settings":{"title":"We are Button Interactive.","header_size":"h1","title_color":"#282828","typography_typography":"custom","typography_font_size":{"unit":"px","size":50},"typography_font_family":"PT Serif Caption","typography_font_weight":"bold"},"elements":[],"isInner":false,"widgetType":"heading","elType":"widget"},{"id":"cfptqvw","settings":{"editor":"<p>Button Interactive is an independent specialty branding and full service graphic design studio. Driven by passion and conviction, we offer brand strategy, consulting, and comprehensive design solutions. We work on projects locally and globally with startups to large scale agencies.<\/p>","text_color":"#282828","typography_typography":"custom","typography_font_size":{"unit":"px","size":18},"typography_font_family":"PT Serif","typography_font_weight":"normal","typography_line_height":{"unit":"em","size":1.4}},"elements":[],"isInner":false,"widgetType":"text-editor","elType":"widget"},{"id":"tboxuer","settings":{"space":{"unit":"px","size":5}},"elements":[],"isInner":false,"widgetType":"spacer","elType":"widget"},{"id":"rsqapnz","settings":{"space":{"unit":"px","size":100},"space_mobile":{"unit":"px","size":50}},"elements":[],"isInner":false,"widgetType":"spacer","elType":"widget"}],"isInner":false,"elType":"column"},{"id":"norraoa","settings":{"_column_size":50,"_inline_size":null,"padding":{"unit":"px","top":"35","right":"20","bottom":"0","left":"0","isLinked":false}},"elements":[{"id":"pwxvlbj","settings":{"text":"Let's talk","link":{"url":"#contact","is_external":"","nofollow":""},"align":"right","align_mobile":"left","typography_typography":"custom","typography_font_size":{"unit":"px","size":16},"typography_font_family":"PT Serif Caption","button_text_color":"#282828","background_color":"rgba(0,0,0,0)","border_border":"solid","border_width":{"unit":"px","top":"0","right":"0","bottom":"3","left":"0","isLinked":false},"border_radius":{"unit":"px","top":"0","right":"0","bottom":"0","left":"0","isLinked":true},"text_padding":{"unit":"px","top":"0","right":"0","bottom":"0","left":"0","isLinked":true},"_padding_mobile":{"unit":"px","top":"20","right":"20","bottom":"20","left":"20","isLinked":true}},"elements":[],"isInner":false,"widgetType":"button","elType":"widget"}],"isInner":false,"elType":"column"}],"isInner":false,"elType":"section"},{"id":"jcxannd","settings":[],"elements":[{"id":"hsaorgc","settings":{"_column_size":100,"_inline_size":null},"elements":[{"id":"ekrqsip","settings":{"space":{"unit":"px","size":120},"space_mobile":{"unit":"px","size":50}},"elements":[],"isInner":false,"widgetType":"spacer","elType":"widget"}],"isInner":false,"elType":"column"}],"isInner":false,"elType":"section"},{"id":"qmdgfxy","settings":{"gap":"wide","structure":"30","background_background":"classic","background_color_b":"#f4f4f4","background_overlay_background":"gradient"},"elements":[{"id":"ixaxonn","settings":{"_column_size":33,"_inline_size":null,"background_hover_background":"classic","background_hover_color":"#ffe900","border_radius":{"unit":"px","top":"0","right":"0","bottom":"20","left":"0","isLinked":false},"padding":{"unit":"px","top":"20","right":"0","bottom":"20","left":"20","isLinked":false},"padding_mobile":{"unit":"px","top":"20","right":"20","bottom":"20","left":"20","isLinked":true}},"elements":[{"id":"tvyvjtn","settings":{"image":{"url":"https:\/\/www.cssigniter.com\/elementor\/wp-content\/uploads\/2017\/07\/goldenratiogrid-freebiebymienai.gif","id":2250},"image_size":"full","link_to":"custom","link":{"url":"https:\/\/dribbble.com\/shots\/3572688-Golden-Ratio-Grid-Freebie-by-Bont","is_external":"on","nofollow":""}},"elements":[],"isInner":false,"widgetType":"image","elType":"widget"},{"id":"kpscddw","settings":{"text":"View on Dribbble","icon":"fa fa-dribbble","typography_typography":"custom","typography_font_size":{"unit":"px","size":14},"typography_font_family":"PT Serif","typography_font_weight":"normal","button_text_color":"#ffffff","background_color":"#2b2b2b","hover_color":"#ffffff","button_background_hover_color":"#000000","border_radius":{"unit":"px","top":"0","right":"0","bottom":"0","left":"0","isLinked":true},"link":{"url":"https:\/\/dribbble.com\/shots\/3572688-Golden-Ratio-Grid-Freebie-by-Bont","is_external":"on","nofollow":""}},"elements":[],"isInner":false,"widgetType":"button","elType":"widget"}],"isInner":false,"elType":"column"},{"id":"alqnlbo","settings":{"_column_size":33,"_inline_size":null,"background_hover_background":"classic","background_hover_color":"#ffe900","border_radius":{"unit":"px","top":"0","right":"0","bottom":"20","left":"0","isLinked":false},"padding":{"unit":"px","top":"20","right":"0","bottom":"20","left":"20","isLinked":false},"padding_mobile":{"unit":"px","top":"20","right":"20","bottom":"20","left":"20","isLinked":true}},"elements":[{"id":"kgitkqh","settings":{"image":{"url":"https:\/\/www.cssigniter.com\/elementor\/wp-content\/uploads\/2017\/07\/dribbble.jpg","id":2258},"image_size":"full","link_to":"custom","link":{"url":"https:\/\/dribbble.com\/shots\/3549388-Breakable-Free-Typeface","is_external":"on","nofollow":""}},"elements":[],"isInner":false,"widgetType":"image","elType":"widget"},{"id":"nonqdif","settings":{"text":"View on Dribbble","icon":"fa fa-dribbble","typography_typography":"custom","typography_font_size":{"unit":"px","size":14},"typography_font_family":"PT Serif","typography_font_weight":"normal","button_text_color":"#ffffff","background_color":"#2b2b2b","hover_color":"#ffffff","button_background_hover_color":"#000000","border_radius":{"unit":"px","top":"0","right":"0","bottom":"0","left":"0","isLinked":true},"link":{"url":"https:\/\/dribbble.com\/shots\/3549388-Breakable-Free-Typeface","is_external":"on","nofollow":""}},"elements":[],"isInner":false,"widgetType":"button","elType":"widget"}],"isInner":false,"elType":"column"},{"id":"rkyljec","settings":{"_column_size":33,"_inline_size":null,"background_hover_background":"classic","background_hover_color":"#ffe900","border_radius":{"unit":"px","top":"0","right":"0","bottom":"20","left":"0","isLinked":false},"padding":{"unit":"px","top":"20","right":"0","bottom":"20","left":"20","isLinked":false},"padding_mobile":{"unit":"px","top":"20","right":"20","bottom":"20","left":"20","isLinked":true}},"elements":[{"id":"cceblyw","settings":{"image":{"url":"https:\/\/www.cssigniter.com\/elementor\/wp-content\/uploads\/2017\/07\/dribbble-1.png","id":2259},"image_size":"full","link_to":"custom","link":{"url":"https:\/\/dribbble.com\/shots\/3604991-Agata-Biele-Upcoming-Freebie-1","is_external":"on","nofollow":""}},"elements":[],"isInner":false,"widgetType":"image","elType":"widget"},{"id":"imoskqi","settings":{"text":"View on Dribbble","icon":"fa fa-dribbble","typography_typography":"custom","typography_font_size":{"unit":"px","size":14},"typography_font_family":"PT Serif","typography_font_weight":"normal","button_text_color":"#ffffff","background_color":"#2b2b2b","hover_color":"#ffffff","button_background_hover_color":"#000000","border_radius":{"unit":"px","top":"0","right":"0","bottom":"0","left":"0","isLinked":true},"link":{"url":"https:\/\/dribbble.com\/shots\/3604991-Agata-Biele-Upcoming-Freebie-1","is_external":"on","nofollow":""}},"elements":[],"isInner":false,"widgetType":"button","elType":"widget"}],"isInner":false,"elType":"column"}],"isInner":false,"elType":"section"},{"id":"ymvrqns","settings":{"gap":"wide","structure":"30","background_background":"classic","background_color_b":"#f4f4f4","background_overlay_background":"gradient"},"elements":[{"id":"bbyngso","settings":{"_column_size":33,"_inline_size":null,"background_hover_background":"classic","background_hover_color":"#ffe900","border_radius":{"unit":"px","top":"0","right":"0","bottom":"20","left":"0","isLinked":false},"padding":{"unit":"px","top":"20","right":"0","bottom":"20","left":"20","isLinked":false},"padding_mobile":{"unit":"px","top":"20","right":"20","bottom":"20","left":"20","isLinked":true}},"elements":[{"id":"hsxircj","settings":{"image":{"url":"https:\/\/www.cssigniter.com\/elementor\/wp-content\/uploads\/2017\/07\/articles-grid.jpg","id":2267},"image_size":"full","link_to":"custom","link":{"url":"https:\/\/dribbble.com\/shots\/3550585-Articles-Grid-Free-PSD","is_external":"on","nofollow":""}},"elements":[],"isInner":false,"widgetType":"image","elType":"widget"},{"id":"fzftzlu","settings":{"text":"View on Dribbble","icon":"fa fa-dribbble","typography_typography":"custom","typography_font_size":{"unit":"px","size":14},"typography_font_family":"PT Serif","typography_font_weight":"normal","button_text_color":"#ffffff","background_color":"#2b2b2b","hover_color":"#ffffff","button_background_hover_color":"#000000","border_radius":{"unit":"px","top":"0","right":"0","bottom":"0","left":"0","isLinked":true},"link":{"url":"https:\/\/dribbble.com\/shots\/3550585-Articles-Grid-Free-PSD","is_external":"on","nofollow":""}},"elements":[],"isInner":false,"widgetType":"button","elType":"widget"}],"isInner":false,"elType":"column"},{"id":"visembb","settings":{"_column_size":33,"_inline_size":null,"background_hover_background":"classic","background_hover_color":"#ffe900","border_radius":{"unit":"px","top":"0","right":"0","bottom":"20","left":"0","isLinked":false},"padding":{"unit":"px","top":"20","right":"0","bottom":"20","left":"20","isLinked":false},"padding_mobile":{"unit":"px","top":"20","right":"20","bottom":"20","left":"20","isLinked":true}},"elements":[{"id":"vqkeofm","settings":{"image":{"url":"https:\/\/www.cssigniter.com\/elementor\/wp-content\/uploads\/2017\/07\/fitness_calendar_sketch_dribble_800x600.png","id":2268},"image_size":"full","link_to":"custom","link":{"url":"https:\/\/dribbble.com\/shots\/3544186-Fitness-Calendar-Sketch-Template-Freebie","is_external":"on","nofollow":""}},"elements":[],"isInner":false,"widgetType":"image","elType":"widget"},{"id":"zxwrzxk","settings":{"text":"View on Dribbble","icon":"fa fa-dribbble","typography_typography":"custom","typography_font_size":{"unit":"px","size":14},"typography_font_family":"PT Serif","typography_font_weight":"normal","button_text_color":"#ffffff","background_color":"#2b2b2b","hover_color":"#ffffff","button_background_hover_color":"#000000","border_radius":{"unit":"px","top":"0","right":"0","bottom":"0","left":"0","isLinked":true},"link":{"url":"https:\/\/dribbble.com\/shots\/3544186-Fitness-Calendar-Sketch-Template-Freebie","is_external":"on","nofollow":""}},"elements":[],"isInner":false,"widgetType":"button","elType":"widget"}],"isInner":false,"elType":"column"},{"id":"fanqvgs","settings":{"_column_size":33,"_inline_size":null,"background_hover_background":"classic","background_hover_color":"#ffe900","border_radius":{"unit":"px","top":"0","right":"0","bottom":"20","left":"0","isLinked":false},"padding":{"unit":"px","top":"20","right":"0","bottom":"20","left":"20","isLinked":false},"padding_mobile":{"unit":"px","top":"20","right":"20","bottom":"20","left":"20","isLinked":true}},"elements":[{"id":"yhdgyew","settings":{"image":{"url":"https:\/\/www.cssigniter.com\/elementor\/wp-content\/uploads\/2017\/07\/dribbble_top_secret.jpg","id":2338},"image_size":"full","link_to":"custom","link":{"url":"https:\/\/dribbble.com\/shots\/3532454-FREE-Mock-up-Top-Secret","is_external":"on","nofollow":""}},"elements":[],"isInner":false,"widgetType":"image","elType":"widget"},{"id":"ilauqxi","settings":{"text":"View on Dribbble","icon":"fa fa-dribbble","typography_typography":"custom","typography_font_size":{"unit":"px","size":14},"typography_font_family":"PT Serif","typography_font_weight":"normal","button_text_color":"#ffffff","background_color":"#2b2b2b","hover_color":"#ffffff","button_background_hover_color":"#000000","border_radius":{"unit":"px","top":"0","right":"0","bottom":"0","left":"0","isLinked":true},"link":{"url":"https:\/\/dribbble.com\/shots\/3532454-FREE-Mock-up-Top-Secret","is_external":"on","nofollow":""}},"elements":[],"isInner":false,"widgetType":"button","elType":"widget"}],"isInner":false,"elType":"column"}],"isInner":false,"elType":"section"},{"id":"aoukncg","settings":[],"elements":[{"id":"heromxx","settings":{"_column_size":100,"_inline_size":null},"elements":[{"id":"nxmpbva","settings":{"space":{"unit":"px","size":120},"space_mobile":{"unit":"px","size":50}},"elements":[],"isInner":false,"widgetType":"spacer","elType":"widget"}],"isInner":false,"elType":"column"}],"isInner":false,"elType":"section"},{"id":"rfqwfbx","settings":{"gap":"no","content_position":"top"},"elements":[{"id":"vrkqsdz","settings":{"_column_size":100,"_inline_size":null},"elements":[{"id":"lbqwasi","settings":{"gap":"wide","structure":"20"},"elements":[{"id":"nlnardy","settings":{"_column_size":50,"_inline_size":null},"elements":[{"id":"dretrjr","settings":{"title":"The Studio","header_size":"h3","title_color":"#282828","typography_typography":"custom","typography_font_size":{"unit":"px","size":26},"typography_font_family":"PT Serif Caption","typography_font_weight":"bold","_margin":{"unit":"px","top":"20","right":"0","bottom":"0","left":"0","isLinked":false}},"elements":[],"isInner":false,"widgetType":"heading","elType":"widget"}],"isInner":true,"elType":"column"},{"id":"vaezgsz","settings":{"_column_size":50,"_inline_size":null},"elements":[{"id":"bfgihpn","settings":{"editor":"<p>Button Interactive is an independent specialty branding and full service graphic design studio. Driven by passion and conviction, we offer brand strategy, consulting, and comprehensive design solutions. We work on projects locally and globally with startups to large scale agencies.<\/p>","text_color":"#282828","typography_typography":"custom","typography_font_size":{"unit":"px","size":18},"typography_font_family":"PT Serif","typography_font_weight":"normal","typography_line_height":{"unit":"em","size":1.4},"_padding":{"unit":"px","top":"0","right":"0","bottom":"0","left":"0","isLinked":true}},"elements":[],"isInner":false,"widgetType":"text-editor","elType":"widget"}],"isInner":true,"elType":"column"}],"isInner":true,"elType":"section"},{"id":"wchrvhg","settings":{"gap":"wide"},"elements":[{"id":"uecqxrc","settings":{"_column_size":100,"_inline_size":null},"elements":[{"id":"yzoyrgh","settings":{"image":{"url":"https:\/\/www.cssigniter.com\/elementor\/wp-content\/uploads\/2017\/07\/button_office.jpg","id":2306},"image_size":"full"},"elements":[],"isInner":false,"widgetType":"image","elType":"widget"}],"isInner":true,"elType":"column"}],"isInner":true,"elType":"section"}],"isInner":false,"elType":"column"}],"isInner":false,"elType":"section"},{"id":"sbjwqsf","settings":[],"elements":[{"id":"qcjonuh","settings":{"_column_size":100,"_inline_size":null},"elements":[{"id":"gwdjayq","settings":{"space":{"unit":"px","size":120},"space_mobile":{"unit":"px","size":50}},"elements":[],"isInner":false,"widgetType":"spacer","elType":"widget"}],"isInner":false,"elType":"column"}],"isInner":false,"elType":"section"},{"id":"frldigj","settings":{"gap":"wide","content_position":"top","structure":"30"},"elements":[{"id":"gflfcco","settings":{"_column_size":33,"_inline_size":null},"elements":[{"id":"nwpvwhk","settings":{"title":"The Team","header_size":"h3","title_color":"#282828","typography_typography":"custom","typography_font_size":{"unit":"px","size":26},"typography_font_family":"PT Serif Caption","typography_font_weight":"bold","_margin":{"unit":"px","top":"0","right":"0","bottom":"0","left":"0","isLinked":false}},"elements":[],"isInner":false,"widgetType":"heading","elType":"widget"}],"isInner":false,"elType":"column"},{"id":"giwgmfa","settings":{"_column_size":33,"_inline_size":null},"elements":[{"id":"ovexwxd","settings":{"image":{"url":"https:\/\/www.cssigniter.com\/elementor\/wp-content\/uploads\/2017\/06\/speaker04.jpg","id":364}},"elements":[],"isInner":false,"widgetType":"image","elType":"widget"},{"id":"sqetoqi","settings":{"title":"James Bunt","header_size":"h4","title_color":"#282828","typography_typography":"custom","typography_font_size":{"unit":"px","size":20},"typography_font_family":"PT Serif Caption","typography_font_weight":"bold","_margin":{"unit":"px","top":"0","right":"0","bottom":"-15","left":"0","isLinked":false}},"elements":[],"isInner":false,"widgetType":"heading","elType":"widget"},{"id":"mlibitd","settings":{"title":"Photographer","header_size":"p","title_color":"#282828","typography_typography":"custom","typography_font_size":{"unit":"px","size":16},"typography_font_family":"PT Serif Caption","typography_font_weight":"normal","_margin":{"unit":"px","top":"0","right":"0","bottom":"0","left":"0","isLinked":false}},"elements":[],"isInner":false,"widgetType":"heading","elType":"widget"}],"isInner":false,"elType":"column"},{"id":"rgkjxqw","settings":{"_column_size":33,"_inline_size":null},"elements":[{"id":"nttilpx","settings":{"image":{"url":"https:\/\/www.cssigniter.com\/elementor\/wp-content\/uploads\/2017\/06\/speaker.jpg","id":329}},"elements":[],"isInner":false,"widgetType":"image","elType":"widget"},{"id":"clzckqy","settings":{"title":"Elizabeth Norton","header_size":"h4","title_color":"#282828","typography_typography":"custom","typography_font_size":{"unit":"px","size":20},"typography_font_family":"PT Serif Caption","typography_font_weight":"bold","_margin":{"unit":"px","top":"0","right":"0","bottom":"-15","left":"0","isLinked":false}},"elements":[],"isInner":false,"widgetType":"heading","elType":"widget"},{"id":"ijmfkat","settings":{"title":"Designer","header_size":"p","title_color":"#282828","typography_typography":"custom","typography_font_size":{"unit":"px","size":16},"typography_font_family":"PT Serif Caption","typography_font_weight":"normal","_margin":{"unit":"px","top":"0","right":"0","bottom":"0","left":"0","isLinked":false}},"elements":[],"isInner":false,"widgetType":"heading","elType":"widget"}],"isInner":false,"elType":"column"}],"isInner":false,"elType":"section"},{"id":"duutlpo","settings":[],"elements":[{"id":"deothkm","settings":{"_column_size":100,"_inline_size":null},"elements":[{"id":"kwpnpbc","settings":{"space":{"unit":"px","size":120},"space_mobile":{"unit":"px","size":50}},"elements":[],"isInner":false,"widgetType":"spacer","elType":"widget"}],"isInner":false,"elType":"column"}],"isInner":false,"elType":"section"},{"id":"skyqnio","settings":{"gap":"wide","content_position":"top","structure":"30"},"elements":[{"id":"fcmilyj","settings":{"_column_size":33,"_inline_size":null},"elements":[{"id":"nkcawyh","settings":{"title":"Clients","header_size":"h3","title_color":"#282828","typography_typography":"custom","typography_font_size":{"unit":"px","size":26},"typography_font_family":"PT Serif Caption","typography_font_weight":"bold","_margin":{"unit":"px","top":"0","right":"0","bottom":"0","left":"0","isLinked":false}},"elements":[],"isInner":false,"widgetType":"heading","elType":"widget"}],"isInner":false,"elType":"column"},{"id":"cjuyyle","settings":{"_column_size":33,"_inline_size":null},"elements":[{"id":"uupdkil","settings":{"title":"Web","header_size":"h4","title_color":"#282828","typography_typography":"custom","typography_font_size":{"unit":"px","size":20},"typography_font_family":"PT Serif Caption","typography_font_weight":"bold","_margin":{"unit":"px","top":"0","right":"0","bottom":"0","left":"0","isLinked":false}},"elements":[],"isInner":false,"widgetType":"heading","elType":"widget"},{"id":"gsckowu","settings":{"icon_list":[{"text":"Benson","icon":"fa fa-check","_id":"wluaauo","link":{"url":"","is_external":"","nofollow":""}},{"text":"Milos","icon":"fa fa-check","link":{"url":"","is_external":"","nofollow":""},"_id":"oq0sqvn"},{"text":"The Styler","icon":"fa fa-check","link":{"url":"","is_external":"","nofollow":""},"_id":"xtiwnpf"},{"text":"Brittany","icon":"fa fa-check","link":{"url":"","is_external":"","nofollow":""},"_id":"idsba8p"},{"text":"Carbone","icon":"fa fa-check","link":{"url":"","is_external":"","nofollow":""},"_id":"hslgeaa"},{"text":"Specialty","icon":"fa fa-check","link":{"url":"","is_external":"","nofollow":""},"_id":"om1rijh"}],"space_between":{"unit":"px","size":5},"icon_color":"#aaaaaa","icon_size":{"unit":"px","size":10},"text_indent":{"unit":"px","size":10},"text_color":"#282828","icon_typography_typography":"custom","icon_typography_font_size":{"unit":"px","size":16},"icon_typography_font_family":"PT Serif Caption"},"elements":[],"isInner":false,"widgetType":"icon-list","elType":"widget"},{"id":"hexaaqy","settings":{"space":{"unit":"px","size":15}},"elements":[],"isInner":false,"widgetType":"spacer","elType":"widget"},{"id":"ihfaflh","settings":{"title":"Identity","header_size":"h4","title_color":"#282828","typography_typography":"custom","typography_font_size":{"unit":"px","size":20},"typography_font_family":"PT Serif Caption","typography_font_weight":"bold","_margin":{"unit":"px","top":"0","right":"0","bottom":"0","left":"0","isLinked":false}},"elements":[],"isInner":false,"widgetType":"heading","elType":"widget"},{"id":"jeddsmj","settings":{"icon_list":[{"text":"Koehn","icon":"fa fa-check","_id":"wluaauo","link":{"url":"","is_external":"","nofollow":""}},{"text":"Neto","icon":"fa fa-check","link":{"url":"","is_external":"","nofollow":""},"_id":"oq0sqvn"},{"text":"PinMaister","icon":"fa fa-check","link":{"url":"","is_external":"","nofollow":""},"_id":"xtiwnpf"},{"text":"Brittany","icon":"fa fa-check","link":{"url":"","is_external":"","nofollow":""},"_id":"idsba8p"},{"text":"Palermo","icon":"fa fa-check","link":{"url":"","is_external":"","nofollow":""},"_id":"hslgeaa"}],"space_between":{"unit":"px","size":5},"icon_color":"#aaaaaa","icon_size":{"unit":"px","size":10},"text_indent":{"unit":"px","size":10},"text_color":"#282828","icon_typography_typography":"custom","icon_typography_font_size":{"unit":"px","size":16},"icon_typography_font_family":"PT Serif Caption"},"elements":[],"isInner":false,"widgetType":"icon-list","elType":"widget"}],"isInner":false,"elType":"column"},{"id":"yllmhif","settings":{"_column_size":33,"_inline_size":null},"elements":[{"id":"eymjhvg","settings":{"title":"Mobile Development","header_size":"h4","title_color":"#282828","typography_typography":"custom","typography_font_size":{"unit":"px","size":20},"typography_font_family":"PT Serif Caption","typography_font_weight":"bold","_margin":{"unit":"px","top":"0","right":"0","bottom":"0","left":"0","isLinked":false}},"elements":[],"isInner":false,"widgetType":"heading","elType":"widget"},{"id":"dzxxgwc","settings":{"icon_list":[{"text":"Oxium","icon":"fa fa-check","_id":"wluaauo","link":{"url":"","is_external":"","nofollow":""}},{"text":"Potenza","icon":"fa fa-check","link":{"url":"","is_external":"","nofollow":""},"_id":"oq0sqvn"},{"text":"Suisen","icon":"fa fa-check","link":{"url":"","is_external":"","nofollow":""},"_id":"xtiwnpf"},{"text":"Struct","icon":"fa fa-check","link":{"url":"","is_external":"","nofollow":""},"_id":"idsba8p"},{"text":"Technico","icon":"fa fa-check","link":{"url":"","is_external":"","nofollow":""},"_id":"hslgeaa"}],"space_between":{"unit":"px","size":5},"icon_color":"#aaaaaa","icon_size":{"unit":"px","size":10},"text_indent":{"unit":"px","size":10},"text_color":"#282828","icon_typography_typography":"custom","icon_typography_font_size":{"unit":"px","size":16},"icon_typography_font_family":"PT Serif Caption"},"elements":[],"isInner":false,"widgetType":"icon-list","elType":"widget"},{"id":"lyaqnmv","settings":{"space":{"unit":"px","size":15}},"elements":[],"isInner":false,"widgetType":"spacer","elType":"widget"},{"id":"mkrjeyb","settings":{"title":"Photography","header_size":"h4","title_color":"#282828","typography_typography":"custom","typography_font_size":{"unit":"px","size":20},"typography_font_family":"PT Serif Caption","typography_font_weight":"bold","_margin":{"unit":"px","top":"0","right":"0","bottom":"0","left":"0","isLinked":false}},"elements":[],"isInner":false,"widgetType":"heading","elType":"widget"},{"id":"ebzbfyk","settings":{"icon_list":[{"text":"Struct","icon":"fa fa-check","link":{"url":"","is_external":"","nofollow":""},"_id":"yyguoeu"},{"text":"Technico","icon":"fa fa-check","link":{"url":"","is_external":"","nofollow":""},"_id":"66yrmam"},{"text":"Oxium","icon":"fa fa-check","_id":"wluaauo","link":{"url":"","is_external":"","nofollow":""}},{"text":"Potenza","icon":"fa fa-check","link":{"url":"","is_external":"","nofollow":""},"_id":"oq0sqvn"}],"space_between":{"unit":"px","size":5},"icon_color":"#aaaaaa","icon_size":{"unit":"px","size":10},"text_indent":{"unit":"px","size":10},"text_color":"#282828","icon_typography_typography":"custom","icon_typography_font_size":{"unit":"px","size":16},"icon_typography_font_family":"PT Serif Caption"},"elements":[],"isInner":false,"widgetType":"icon-list","elType":"widget"}],"isInner":false,"elType":"column"}],"isInner":false,"elType":"section"},{"id":"srxbgkn","settings":[],"elements":[{"id":"jlrnjcf","settings":{"_column_size":100,"_inline_size":null},"elements":[{"id":"sdjatmd","settings":{"space":{"unit":"px","size":120},"space_mobile":{"unit":"px","size":50}},"elements":[],"isInner":false,"widgetType":"spacer","elType":"widget"}],"isInner":false,"elType":"column"}],"isInner":false,"elType":"section"},{"id":"owbbjes","settings":{"gap":"wide","structure":"20","background_background":"classic","background_color":"#fff430","background_color_b":"#ffbd30","background_gradient_angle":{"unit":"deg","size":140},"background_gradient_position":"bottom right","background_overlay_background":"gradient","border_border":"solid","border_width":{"unit":"px","top":"40","right":"0","bottom":"0","left":"0","isLinked":false},"border_color":"#f9f9f9","border_radius":{"unit":"px","top":"0","right":"200","bottom":"0","left":"0","isLinked":false},"shape_divider_bottom_width":{"unit":"%","size":100},"shape_divider_bottom_height":{"unit":"px","size":143},"padding":{"unit":"px","top":"0","right":"0","bottom":"0","left":"0","isLinked":false}},"elements":[{"id":"hoejdav","settings":{"_column_size":50,"_inline_size":null},"elements":[{"id":"aifnrsz","settings":{"space":{"unit":"px","size":100},"space_mobile":{"unit":"px","size":50}},"elements":[],"isInner":false,"widgetType":"spacer","elType":"widget"},{"id":"gzhweop","settings":{"anchor":"contact"},"elements":[],"isInner":false,"widgetType":"menu-anchor","elType":"widget"},{"id":"ztwkvri","settings":{"title":"Let's talk.","header_size":"h1","title_color":"#282828","typography_typography":"custom","typography_font_size":{"unit":"px","size":40},"typography_font_family":"PT Serif Caption","typography_font_weight":"bold"},"elements":[],"isInner":false,"widgetType":"heading","elType":"widget"},{"id":"ypiuxzy","settings":{"icon_list":[{"text":"+44 1234 56789","icon":"fa fa-phone","_id":"wluaauo","link":{"url":"","is_external":"","nofollow":""}},{"text":"button@cssigniter.com","icon":"fa fa-envelope-o","link":{"url":"","is_external":"","nofollow":""},"_id":"oq0sqvn"},{"text":"St Johns Wood, London, NW7 9AG","icon":"fa fa-map-marker","link":{"url":"","is_external":"","nofollow":""},"_id":"xtiwnpf"}],"space_between":{"unit":"px","size":5},"icon_color":"#282828","icon_size":{"unit":"px","size":12},"text_indent":{"unit":"px","size":10},"text_color":"#282828","icon_typography_typography":"custom","icon_typography_font_size":{"unit":"px","size":16},"icon_typography_font_family":"PT Serif Caption"},"elements":[],"isInner":false,"widgetType":"icon-list","elType":"widget"},{"id":"kshucaz","settings":{"social_icon_list":[{"social":"fa fa-facebook","_id":"1xk9c55","link":{"url":"","is_external":"true","nofollow":""}},{"social":"fa fa-twitter","_id":"st6k4sj","link":{"url":"","is_external":"true","nofollow":""}},{"social":"fa fa-dribbble","_id":"gy1dldz","link":{"url":"","is_external":"true","nofollow":""}},{"social":"fa fa-wordpress","link":{"is_external":"true"},"_id":"vw9g5le"},{"social":"fa fa-behance","link":{"is_external":"true"},"_id":"2m99uou"}],"shape":"circle","align":"left","icon_color":"custom","icon_primary_color":"rgba(0,0,0,0)","icon_secondary_color":"#282828","icon_size":{"unit":"px","size":17},"icon_padding":{"unit":"em","size":0.7},"image_border_border":"solid","image_border_width":{"unit":"px","top":"2","right":"2","bottom":"2","left":"2","isLinked":true},"image_border_color":"#282828","hover_primary_color":"#282828","hover_secondary_color":"#fff430"},"elements":[],"isInner":false,"widgetType":"social-icons","elType":"widget"},{"id":"ghnbpva","settings":{"space":{"unit":"px","size":5}},"elements":[],"isInner":false,"widgetType":"spacer","elType":"widget"},{"id":"hrwdsld","settings":{"space":{"unit":"px","size":100},"space_mobile":{"unit":"px","size":50}},"elements":[],"isInner":false,"widgetType":"spacer","elType":"widget"}],"isInner":false,"elType":"column"},{"id":"qqmgdfg","settings":{"_column_size":50,"_inline_size":null},"elements":[],"isInner":false,"elType":"column"}],"isInner":false,"elType":"section"}]}